{
  "best_f1_micro": 0.5954531298660853,
  "train_losses": [
    0.3757107013824002,
    0.3127801008272491,
    0.28571432678891506,
    0.2639063185693434,
    0.23861329507507734,
    0.20969296211764316,
    0.1786502829734111,
    0.14601964658538766,
    0.11351107095911998,
    0.08944537220585266,
    0.06350235085959402,
    0.048801611308883504,
    0.03739776159792939,
    0.028932685770044392,
    0.02369237086741916,
    0.018696314967768704,
    0.017693738934377697,
    0.017999945939737277,
    0.02314967058298972,
    0.029672385099650228,
    0.03489437922460321,
    0.02351384801827621,
    0.014463317430509416,
    0.012319226474219921,
    0.012236063568634074
  ],
  "val_f1_scores": [
    0.41039565554693563,
    0.459214501510574,
    0.5027243007628042,
    0.5183659457603845,
    0.534546680148298,
    0.5651449516827725,
    0.5614266842800528,
    0.5686630369026013,
    0.5905308464849355,
    0.5885525921486365,
    0.5723250705993097,
    0.5892215568862276,
    0.57243364246882,
    0.5910882085480449,
    0.5782019704433498,
    0.5954531298660853,
    0.5895745955662073,
    0.5827774408732566,
    0.5801758108517733,
    0.5697606538237011,
    0.5730676328502415,
    0.5914207484027989,
    0.5890243902439024,
    0.5760382432028682,
    0.5855670103092784
  ],
  "threshold": 0.5
}