{
  "best_f1_micro": 0.5351742274819198,
  "train_losses": [
    0.3945269974686155,
    0.3016347454098247,
    0.27264529636642276,
    0.24713734502360324,
    0.2216962925939752,
    0.19610003436971832,
    0.17220082569042308,
    0.15071825458099378,
    0.13119403652896816,
    0.11187810590803224
  ],
  "val_f1_scores": [
    0.4246575342465753,
    0.473568281938326,
    0.48026315789473684,
    0.5117845117845118,
    0.5187870797626896,
    0.5200914733747142,
    0.5351742274819198,
    0.527141512394101,
    0.5256081946222791,
    0.5218260579806732
  ],
  "threshold": 0.5
}